<custom__type__definition>
  <version>5.2.0.0</version>
  <typeName class="org.mule.common.metadata.DefaultMetaDataKey">
    <id>outputExcelMetaData</id>
    <displayName>outputExcelMetaData</displayName>
    <category>DEFAULT</category>
    <metaDataKeyPropertiesManager>
      <properties>
        <org.mule.common.metadata.key.property.dsql.DsqlFromMetaDataKeyProperty/>
      </properties>
    </metaDataKeyPropertiesManager>
  </typeName>
  <metadataModel class="org.mule.common.metadata.DefaultStructuredMetadataModel">
    <dataType>EXCEL</dataType>
    <metaDataModelPropertiesManager>
      <properties/>
    </metaDataModelPropertiesManager>
    <fields>
      <org.mule.common.metadata.DefaultMetaDataField>
        <name>emplyeedata</name>
        <model class="org.mule.common.metadata.DefaultListMetaDataModel">
          <dataType>LIST</dataType>
          <metaDataModelPropertiesManager>
            <properties/>
          </metaDataModelPropertiesManager>
          <model class="org.mule.common.metadata.DefaultStructuredMetadataModel">
            <dataType>MAP</dataType>
            <metaDataModelPropertiesManager>
              <properties/>
            </metaDataModelPropertiesManager>
            <fields>
              <org.mule.common.metadata.DefaultMetaDataField>
                <name>id</name>
                <model class="org.mule.common.metadata.DefaultSimpleMetaDataModel">
                  <dataType>DOUBLE</dataType>
                  <metaDataModelPropertiesManager>
                    <properties/>
                  </metaDataModelPropertiesManager>
                </model>
                <accessType>READ</accessType>
                <metaDataFieldPropertyManager>
                  <properties/>
                </metaDataFieldPropertyManager>
              </org.mule.common.metadata.DefaultMetaDataField>
              <org.mule.common.metadata.DefaultMetaDataField>
                <name>first_name</name>
                <model class="org.mule.common.metadata.DefaultSimpleMetaDataModel">
                  <dataType>STRING</dataType>
                  <metaDataModelPropertiesManager>
                    <properties/>
                  </metaDataModelPropertiesManager>
                </model>
                <accessType>READ</accessType>
                <metaDataFieldPropertyManager>
                  <properties/>
                </metaDataFieldPropertyManager>
              </org.mule.common.metadata.DefaultMetaDataField>
              <org.mule.common.metadata.DefaultMetaDataField>
                <name>last_name</name>
                <model class="org.mule.common.metadata.DefaultSimpleMetaDataModel">
                  <dataType>STRING</dataType>
                  <metaDataModelPropertiesManager>
                    <properties/>
                  </metaDataModelPropertiesManager>
                </model>
                <accessType>READ</accessType>
                <metaDataFieldPropertyManager>
                  <properties/>
                </metaDataFieldPropertyManager>
              </org.mule.common.metadata.DefaultMetaDataField>
              <org.mule.common.metadata.DefaultMetaDataField>
                <name>sur_name</name>
                <model class="org.mule.common.metadata.DefaultSimpleMetaDataModel">
                  <dataType>STRING</dataType>
                  <metaDataModelPropertiesManager>
                    <properties/>
                  </metaDataModelPropertiesManager>
                </model>
                <accessType>READ</accessType>
                <metaDataFieldPropertyManager>
                  <properties/>
                </metaDataFieldPropertyManager>
              </org.mule.common.metadata.DefaultMetaDataField>
            </fields>
          </model>
          <isArray>false</isArray>
        </model>
        <accessType>READ</accessType>
        <metaDataFieldPropertyManager>
          <properties/>
        </metaDataFieldPropertyManager>
      </org.mule.common.metadata.DefaultMetaDataField>
    </fields>
  </metadataModel>
</custom__type__definition>